YYYY-MM,Prescribed BNF Presentation Code,Prescribed BNF Presentation,BNF Chemical Substance,Dispensed (Reimbursed) BNF Presentation Code,Dispensed (Reimbursed) BNF Presentation,Items,Total Quantity
2019-01,0601023ABAAAAAA,Liraglutide 6mg/1ml inj 3ml pre-filled disposable devices,Liraglutide,0601023ABBBAAAA,Victoza 6mg/ml solution for injection 3ml pre-filled pens,13,35
2019-01,0601023ABBBAAAA,Victoza 6mg/ml solution for injection 3ml pre-filled pens,Liraglutide,0601023ABBBAAAA,Victoza 6mg/ml solution for injection 3ml pre-filled pens,8,18
2019-02,0601023ABAAAAAA,Liraglutide 6mg/1ml inj 3ml pre-filled disposable devices,Liraglutide,0601023ABBBAAAA,Victoza 6mg/ml solution for injection 3ml pre-filled pens,13,32
2019-02,0601023ABBBAAAA,Victoza 6mg/ml solution for injection 3ml pre-filled pens,Liraglutide,0601023ABBBAAAA,Victoza 6mg/ml solution for injection 3ml pre-filled pens,7,15
2019-03,0601023ABAAAAAA,Liraglutide 6mg/1ml inj 3ml pre-filled disposable devices,Liraglutide,0601023ABBBAAAA,Victoza 6mg/ml solution for injection 3ml pre-filled pens,11,28
2019-03,0601023ABBBAAAA,Victoza 6mg/ml solution for injection 3ml pre-filled pens,Liraglutide,0601023ABBBAAAA,Victoza 6mg/ml solution for injection 3ml pre-filled pens,5,11
2019-03,0601023AWAAAAAA,Semaglutide 0.25mg/0.19ml inj 1.5ml pf dispos dev,Semaglutide,0601023AWBBAAAA,Ozempic 0.25mg/0.19ml inj 1.5ml pre-filled pens,1,1
2019-04,0601023ABAAAAAA,Liraglutide 6mg/1ml inj 3ml pre-filled disposable devices,Liraglutide,0601023ABBBAAAA,Victoza 6mg/ml solution for injection 3ml pre-filled pens,14,36
2019-04,0601023ABBBAAAA,Victoza 6mg/ml solution for injection 3ml pre-filled pens,Liraglutide,0601023ABBBAAAA,Victoza 6mg/ml solution for injection 3ml pre-filled pens,4,9
2019-04,0601023AWAAABAB,Semaglutide 0.5mg/0.37ml inj 1.5ml pf dispos dev,Semaglutide,0601023AWBBABAB,Ozempic 0.5mg/0.37ml inj 1.5ml pre-filled pens,1,1
2019-05,0601023ABAAAAAA,Liraglutide 6mg/1ml inj 3ml pre-filled disposable devices,Liraglutide,0601023ABBBAAAA,Victoza 6mg/ml solution for injection 3ml pre-filled pens,11,27
2019-05,0601023ABBBAAAA,Victoza 6mg/ml solution for injection 3ml pre-filled pens,Liraglutide,0601023ABBBAAAA,Victoza 6mg/ml solution for injection 3ml pre-filled pens,7,17
2019-06,0601023ABAAAAAA,Liraglutide 6mg/1ml inj 3ml pre-filled disposable devices,Liraglutide,0601023ABBBAAAA,Victoza 6mg/ml solution for injection 3ml pre-filled pens,13,35
2019-06,0601023ABBBAAAA,Victoza 6mg/ml solution for injection 3ml pre-filled pens,Liraglutide,0601023ABBBAAAA,Victoza 6mg/ml solution for injection 3ml pre-filled pens,5,11
2019-06,0601023AWAAABAB,Semaglutide 0.5mg/0.37ml inj 1.5ml pf dispos dev,Semaglutide,0601023AWBBABAB,Ozempic 0.5mg/0.37ml inj 1.5ml pre-filled pens,1,1
2019-07,0601023ABAAAAAA,Liraglutide 6mg/1ml inj 3ml pre-filled disposable devices,Liraglutide,0601023ABBBAAAA,Victoza 6mg/ml solution for injection 3ml pre-filled pens,10,21
2019-07,0601023ABBBAAAA,Victoza 6mg/ml solution for injection 3ml pre-filled pens,Liraglutide,0601023ABBBAAAA,Victoza 6mg/ml solution for injection 3ml pre-filled pens,5,12
2019-07,0601023AWAAABAB,Semaglutide 0.5mg/0.37ml inj 1.5ml pf dispos dev,Semaglutide,0601023AWBBABAB,Ozempic 0.5mg/0.37ml inj 1.5ml pre-filled pens,1,1
2019-08,0601023ABAAAAAA,Liraglutide 6mg/1ml inj 3ml pre-filled disposable devices,Liraglutide,0601023ABBBAAAA,Victoza 6mg/ml solution for injection 3ml pre-filled pens,12,32
2019-08,0601023ABBBAAAA,Victoza 6mg/ml solution for injection 3ml pre-filled pens,Liraglutide,0601023ABBBAAAA,Victoza 6mg/ml solution for injection 3ml pre-filled pens,7,16
2019-08,0601023AWAAAAAA,Semaglutide 0.25mg/0.19ml inj 1.5ml pf dispos dev,Semaglutide,0601023AWBBAAAA,Ozempic 0.25mg/0.19ml inj 1.5ml pre-filled pens,1,1
2019-08,0601023AWAAABAB,Semaglutide 0.5mg/0.37ml inj 1.5ml pf dispos dev,Semaglutide,0601023AWBBABAB,Ozempic 0.5mg/0.37ml inj 1.5ml pre-filled pens,2,2
2019-08,0601023AWBBAAAA,Ozempic 0.25mg/0.19ml inj 1.5ml pre-filled pens,Semaglutide,0601023AWBBAAAA,Ozempic 0.25mg/0.19ml inj 1.5ml pre-filled pens,1,1
2019-09,0601023ABAAAAAA,Liraglutide 6mg/1ml inj 3ml pre-filled disposable devices,Liraglutide,0601023ABBBAAAA,Victoza 6mg/ml solution for injection 3ml pre-filled pens,13,31
2019-09,0601023ABBBAAAA,Victoza 6mg/ml solution for injection 3ml pre-filled pens,Liraglutide,0601023ABBBAAAA,Victoza 6mg/ml solution for injection 3ml pre-filled pens,6,15
2019-09,0601023AWAAABAB,Semaglutide 0.5mg/0.37ml inj 1.5ml pf dispos dev,Semaglutide,0601023AWBBABAB,Ozempic 0.5mg/0.37ml inj 1.5ml pre-filled pens,3,3
2019-09,0601023AWBBAAAA,Ozempic 0.25mg/0.19ml inj 1.5ml pre-filled pens,Semaglutide,0601023AWBBAAAA,Ozempic 0.25mg/0.19ml inj 1.5ml pre-filled pens,1,1
2019-10,0601023ABAAAAAA,Liraglutide 6mg/1ml inj 3ml pre-filled disposable devices,Liraglutide,0601023ABBBAAAA,Victoza 6mg/ml solution for injection 3ml pre-filled pens,17,45
2019-10,0601023ABBBAAAA,Victoza 6mg/ml solution for injection 3ml pre-filled pens,Liraglutide,0601023ABBBAAAA,Victoza 6mg/ml solution for injection 3ml pre-filled pens,7,17
2019-10,0601023AWAAABAB,Semaglutide 0.5mg/0.37ml inj 1.5ml pf dispos dev,Semaglutide,0601023AWBBABAB,Ozempic 0.5mg/0.37ml inj 1.5ml pre-filled pens,2,2
2019-10,0601023AWBBAAAA,Ozempic 0.25mg/0.19ml inj 1.5ml pre-filled pens,Semaglutide,0601023AWBBAAAA,Ozempic 0.25mg/0.19ml inj 1.5ml pre-filled pens,2,2
2019-11,0601023ABAAAAAA,Liraglutide 6mg/1ml inj 3ml pre-filled disposable devices,Liraglutide,0601023ABBBAAAA,Victoza 6mg/ml solution for injection 3ml pre-filled pens,15,46
2019-11,0601023ABBBAAAA,Victoza 6mg/ml solution for injection 3ml pre-filled pens,Liraglutide,0601023ABBBAAAA,Victoza 6mg/ml solution for injection 3ml pre-filled pens,4,12
2019-11,0601023AWAAABAB,Semaglutide 0.5mg/0.37ml inj 1.5ml pf dispos dev,Semaglutide,0601023AWBBABAB,Ozempic 0.5mg/0.37ml inj 1.5ml pre-filled pens,2,2
2019-11,0601023AWBBABAB,Ozempic 0.5mg/0.37ml inj 1.5ml pre-filled pens,Semaglutide,0601023AWBBABAB,Ozempic 0.5mg/0.37ml inj 1.5ml pre-filled pens,2,2
2019-12,0601023ABAAAAAA,Liraglutide 6mg/1ml inj 3ml pre-filled disposable devices,Liraglutide,0601023ABBBAAAA,Victoza 6mg/ml solution for injection 3ml pre-filled pens,14,38
2019-12,0601023ABBBAAAA,Victoza 6mg/ml solution for injection 3ml pre-filled pens,Liraglutide,0601023ABBBAAAA,Victoza 6mg/ml solution for injection 3ml pre-filled pens,9,25
2019-12,0601023AWAAABAB,Semaglutide 0.5mg/0.37ml inj 1.5ml pf dispos dev,Semaglutide,0601023AWBBABAB,Ozempic 0.5mg/0.37ml inj 1.5ml pre-filled pens,2,2
2019-12,0601023AWBBABAB,Ozempic 0.5mg/0.37ml inj 1.5ml pre-filled pens,Semaglutide,0601023AWBBABAB,Ozempic 0.5mg/0.37ml inj 1.5ml pre-filled pens,1,1
2020-01,0601023ABAAAAAA,Liraglutide 6mg/1ml inj 3ml pre-filled disposable devices,Liraglutide,0601023ABBBAAAA,Victoza 6mg/ml solution for injection 3ml pre-filled pens,11,26
2020-01,0601023ABBBAAAA,Victoza 6mg/ml solution for injection 3ml pre-filled pens,Liraglutide,0601023ABBBAAAA,Victoza 6mg/ml solution for injection 3ml pre-filled pens,3,8
2020-01,0601023AWAAAAAA,Semaglutide 0.25mg/0.19ml inj 1.5ml pf dispos dev,Semaglutide,0601023AWBBAAAA,Ozempic 0.25mg/0.19ml inj 1.5ml pre-filled pens,1,1
2020-01,0601023AWAAABAB,Semaglutide 0.5mg/0.37ml inj 1.5ml pf dispos dev,Semaglutide,0601023AWBBABAB,Ozempic 0.5mg/0.37ml inj 1.5ml pre-filled pens,3,3
2020-01,0601023AWBBABAB,Ozempic 0.5mg/0.37ml inj 1.5ml pre-filled pens,Semaglutide,0601023AWBBABAB,Ozempic 0.5mg/0.37ml inj 1.5ml pre-filled pens,2,2
2020-01,0601023AWBBACAC,Ozempic 1mg/0.74ml inj 3ml pre-filled pens,Semaglutide,0601023AWBBACAC,Ozempic 1mg/0.74ml inj 3ml pre-filled pens,1,1
2020-02,0601023ABAAAAAA,Liraglutide 6mg/1ml inj 3ml pre-filled disposable devices,Liraglutide,0601023ABBBAAAA,Victoza 6mg/ml solution for injection 3ml pre-filled pens,13,36
2020-02,0601023ABBBAAAA,Victoza 6mg/ml solution for injection 3ml pre-filled pens,Liraglutide,0601023ABBBAAAA,Victoza 6mg/ml solution for injection 3ml pre-filled pens,6,14
2020-02,0601023AWAAAAAA,Semaglutide 0.25mg/0.19ml inj 1.5ml pf dispos dev,Semaglutide,0601023AWBBAAAA,Ozempic 0.25mg/0.19ml inj 1.5ml pre-filled pens,2,5
2020-02,0601023AWAAABAB,Semaglutide 0.5mg/0.37ml inj 1.5ml pf dispos dev,Semaglutide,0601023AWBBABAB,Ozempic 0.5mg/0.37ml inj 1.5ml pre-filled pens,2,2
2020-02,0601023AWBBABAB,Ozempic 0.5mg/0.37ml inj 1.5ml pre-filled pens,Semaglutide,0601023AWBBABAB,Ozempic 0.5mg/0.37ml inj 1.5ml pre-filled pens,1,1
2020-02,0601023AWBBACAC,Ozempic 1mg/0.74ml inj 3ml pre-filled pens,Semaglutide,0601023AWBBACAC,Ozempic 1mg/0.74ml inj 3ml pre-filled pens,1,1
2020-03,0601023ABAAAAAA,Liraglutide 6mg/1ml inj 3ml pre-filled disposable devices,Liraglutide,0601023ABBBAAAA,Victoza 6mg/ml solution for injection 3ml pre-filled pens,16,43
2020-03,0601023ABBBAAAA,Victoza 6mg/ml solution for injection 3ml pre-filled pens,Liraglutide,0601023ABBBAAAA,Victoza 6mg/ml solution for injection 3ml pre-filled pens,7,18
2020-03,0601023AWAAABAB,Semaglutide 0.5mg/0.37ml inj 1.5ml pf dispos dev,Semaglutide,0601023AWBBABAB,Ozempic 0.5mg/0.37ml inj 1.5ml pre-filled pens,3,3
2020-03,0601023AWBBABAB,Ozempic 0.5mg/0.37ml inj 1.5ml pre-filled pens,Semaglutide,0601023AWBBABAB,Ozempic 0.5mg/0.37ml inj 1.5ml pre-filled pens,2,2
2020-03,0601023AWBBACAC,Ozempic 1mg/0.74ml inj 3ml pre-filled pens,Semaglutide,0601023AWBBACAC,Ozempic 1mg/0.74ml inj 3ml pre-filled pens,3,3
2020-04,0601023ABAAAAAA,Liraglutide 6mg/1ml inj 3ml pre-filled disposable devices,Liraglutide,0601023ABBBAAAA,Victoza 6mg/ml solution for injection 3ml pre-filled pens,16,44
2020-04,0601023ABBBAAAA,Victoza 6mg/ml solution for injection 3ml pre-filled pens,Liraglutide,0601023ABBBAAAA,Victoza 6mg/ml solution for injection 3ml pre-filled pens,10,26
2020-04,0601023AWAAAAAA,Semaglutide 0.25mg/0.19ml inj 1.5ml pf dispos dev,Semaglutide,0601023AWBBAAAA,Ozempic 0.25mg/0.19ml inj 1.5ml pre-filled pens,2,8
2020-04,0601023AWAAABAB,Semaglutide 0.5mg/0.37ml inj 1.5ml pf dispos dev,Semaglutide,0601023AWBBABAB,Ozempic 0.5mg/0.37ml inj 1.5ml pre-filled pens,1,1
2020-04,0601023AWAAACAC,Semaglutide 1mg/0.74ml inj 3ml pre-filled disposable device,Semaglutide,0601023AWBBACAC,Ozempic 1mg/0.74ml inj 3ml pre-filled pens,1,1
2020-04,0601023AWBBAAAA,Ozempic 0.25mg/0.19ml inj 1.5ml pre-filled pens,Semaglutide,0601023AWBBAAAA,Ozempic 0.25mg/0.19ml inj 1.5ml pre-filled pens,1,1
2020-04,0601023AWBBABAB,Ozempic 0.5mg/0.37ml inj 1.5ml pre-filled pens,Semaglutide,0601023AWBBABAB,Ozempic 0.5mg/0.37ml inj 1.5ml pre-filled pens,1,1
2020-04,0601023AWBBACAC,Ozempic 1mg/0.74ml inj 3ml pre-filled pens,Semaglutide,0601023AWBBACAC,Ozempic 1mg/0.74ml inj 3ml pre-filled pens,3,3
2020-05,0601023ABAAAAAA,Liraglutide 6mg/1ml inj 3ml pre-filled disposable devices,Liraglutide,0601023ABBBAAAA,Victoza 6mg/ml solution for injection 3ml pre-filled pens,17,47
2020-05,0601023ABBBAAAA,Victoza 6mg/ml solution for injection 3ml pre-filled pens,Liraglutide,0601023ABBBAAAA,Victoza 6mg/ml solution for injection 3ml pre-filled pens,10,26
2020-05,0601023AWAAABAB,Semaglutide 0.5mg/0.37ml inj 1.5ml pf dispos dev,Semaglutide,0601023AWBBABAB,Ozempic 0.5mg/0.37ml inj 1.5ml pre-filled pens,3,6
2020-05,0601023AWAAACAC,Semaglutide 1mg/0.74ml inj 3ml pre-filled disposable device,Semaglutide,0601023AWBBACAC,Ozempic 1mg/0.74ml inj 3ml pre-filled pens,2,2
2020-05,0601023AWBBAAAA,Ozempic 0.25mg/0.19ml inj 1.5ml pre-filled pens,Semaglutide,0601023AWBBAAAA,Ozempic 0.25mg/0.19ml inj 1.5ml pre-filled pens,1,1
2020-05,0601023AWBBABAB,Ozempic 0.5mg/0.37ml inj 1.5ml pre-filled pens,Semaglutide,0601023AWBBABAB,Ozempic 0.5mg/0.37ml inj 1.5ml pre-filled pens,3,3
2020-05,0601023AWBBACAC,Ozempic 1mg/0.74ml inj 3ml pre-filled pens,Semaglutide,0601023AWBBACAC,Ozempic 1mg/0.74ml inj 3ml pre-filled pens,5,5
2020-06,0601023ABAAAAAA,Liraglutide 6mg/1ml inj 3ml pre-filled disposable devices,Liraglutide,0601023ABBBAAAA,Victoza 6mg/ml solution for injection 3ml pre-filled pens,15,36
2020-06,0601023ABBBAAAA,Victoza 6mg/ml solution for injection 3ml pre-filled pens,Liraglutide,0601023ABBBAAAA,Victoza 6mg/ml solution for injection 3ml pre-filled pens,12,34
2020-06,0601023AWAAABAB,Semaglutide 0.5mg/0.37ml inj 1.5ml pf dispos dev,Semaglutide,0601023AWBBABAB,Ozempic 0.5mg/0.37ml inj 1.5ml pre-filled pens,5,11
2020-06,0601023AWAAACAC,Semaglutide 1mg/0.74ml inj 3ml pre-filled disposable device,Semaglutide,0601023AWBBACAC,Ozempic 1mg/0.74ml inj 3ml pre-filled pens,1,1
2020-06,0601023AWBBAAAA,Ozempic 0.25mg/0.19ml inj 1.5ml pre-filled pens,Semaglutide,0601023AWBBAAAA,Ozempic 0.25mg/0.19ml inj 1.5ml pre-filled pens,3,3
2020-06,0601023AWBBABAB,Ozempic 0.5mg/0.37ml inj 1.5ml pre-filled pens,Semaglutide,0601023AWBBABAB,Ozempic 0.5mg/0.37ml inj 1.5ml pre-filled pens,4,4
2020-06,0601023AWBBACAC,Ozempic 1mg/0.74ml inj 3ml pre-filled pens,Semaglutide,0601023AWBBACAC,Ozempic 1mg/0.74ml inj 3ml pre-filled pens,4,4
2020-07,0601023ABAAAAAA,Liraglutide 6mg/1ml inj 3ml pre-filled disposable devices,Liraglutide,0601023ABBBAAAA,Victoza 6mg/ml solution for injection 3ml pre-filled pens,15,44
2020-07,0601023ABBBAAAA,Victoza 6mg/ml solution for injection 3ml pre-filled pens,Liraglutide,0601023ABBBAAAA,Victoza 6mg/ml solution for injection 3ml pre-filled pens,15,36
2020-07,0601023AWAAAAAA,Semaglutide 0.25mg/0.19ml inj 1.5ml pf dispos dev,Semaglutide,0601023AWBBAAAA,Ozempic 0.25mg/0.19ml inj 1.5ml pre-filled pens,1,4
2020-07,0601023AWAAABAB,Semaglutide 0.5mg/0.37ml inj 1.5ml pf dispos dev,Semaglutide,0601023AWBBABAB,Ozempic 0.5mg/0.37ml inj 1.5ml pre-filled pens,2,2
2020-07,0601023AWAAACAC,Semaglutide 1mg/0.74ml inj 3ml pre-filled disposable device,Semaglutide,0601023AWBBACAC,Ozempic 1mg/0.74ml inj 3ml pre-filled pens,3,3
2020-07,0601023AWBBAAAA,Ozempic 0.25mg/0.19ml inj 1.5ml pre-filled pens,Semaglutide,0601023AWBBAAAA,Ozempic 0.25mg/0.19ml inj 1.5ml pre-filled pens,3,3
2020-07,0601023AWBBABAB,Ozempic 0.5mg/0.37ml inj 1.5ml pre-filled pens,Semaglutide,0601023AWBBABAB,Ozempic 0.5mg/0.37ml inj 1.5ml pre-filled pens,4,4
2020-07,0601023AWBBACAC,Ozempic 1mg/0.74ml inj 3ml pre-filled pens,Semaglutide,0601023AWBBACAC,Ozempic 1mg/0.74ml inj 3ml pre-filled pens,6,6
2020-08,0601023ABAAAAAA,Liraglutide 6mg/1ml inj 3ml pre-filled disposable devices,Liraglutide,0601023ABBBAAAA,Victoza 6mg/ml solution for injection 3ml pre-filled pens,16,39
2020-08,0601023ABBBAAAA,Victoza 6mg/ml solution for injection 3ml pre-filled pens,Liraglutide,0601023ABBBAAAA,Victoza 6mg/ml solution for injection 3ml pre-filled pens,12,31
2020-08,0601023AWAAABAB,Semaglutide 0.5mg/0.37ml inj 1.5ml pf dispos dev,Semaglutide,0601023AWBBABAB,Ozempic 0.5mg/0.37ml inj 1.5ml pre-filled pens,4,7
2020-08,0601023AWAAACAC,Semaglutide 1mg/0.74ml inj 3ml pre-filled disposable device,Semaglutide,0601023AWBBACAC,Ozempic 1mg/0.74ml inj 3ml pre-filled pens,2,3
2020-08,0601023AWBBAAAA,Ozempic 0.25mg/0.19ml inj 1.5ml pre-filled pens,Semaglutide,0601023AWBBAAAA,Ozempic 0.25mg/0.19ml inj 1.5ml pre-filled pens,3,3
2020-08,0601023AWBBABAB,Ozempic 0.5mg/0.37ml inj 1.5ml pre-filled pens,Semaglutide,0601023AWBBABAB,Ozempic 0.5mg/0.37ml inj 1.5ml pre-filled pens,5,8
2020-08,0601023AWBBACAC,Ozempic 1mg/0.74ml inj 3ml pre-filled pens,Semaglutide,0601023AWBBACAC,Ozempic 1mg/0.74ml inj 3ml pre-filled pens,3,3
2020-09,0601023ABAAAAAA,Liraglutide 6mg/1ml inj 3ml pre-filled disposable devices,Liraglutide,0601023ABBBAAAA,Victoza 6mg/ml solution for injection 3ml pre-filled pens,13,42
2020-09,0601023ABBBAAAA,Victoza 6mg/ml solution for injection 3ml pre-filled pens,Liraglutide,0601023ABBBAAAA,Victoza 6mg/ml solution for injection 3ml pre-filled pens,11,29
2020-09,0601023AWAAABAB,Semaglutide 0.5mg/0.37ml inj 1.5ml pf dispos dev,Semaglutide,0601023AWBBABAB,Ozempic 0.5mg/0.37ml inj 1.5ml pre-filled pens,6,6
2020-09,0601023AWAAACAC,Semaglutide 1mg/0.74ml inj 3ml pre-filled disposable device,Semaglutide,0601023AWBBACAC,Ozempic 1mg/0.74ml inj 3ml pre-filled pens,1,1
2020-09,0601023AWBBAAAA,Ozempic 0.25mg/0.19ml inj 1.5ml pre-filled pens,Semaglutide,0601023AWBBAAAA,Ozempic 0.25mg/0.19ml inj 1.5ml pre-filled pens,4,4
2020-09,0601023AWBBABAB,Ozempic 0.5mg/0.37ml inj 1.5ml pre-filled pens,Semaglutide,0601023AWBBABAB,Ozempic 0.5mg/0.37ml inj 1.5ml pre-filled pens,6,6
2020-09,0601023AWBBACAC,Ozempic 1mg/0.74ml inj 3ml pre-filled pens,Semaglutide,0601023AWBBACAC,Ozempic 1mg/0.74ml inj 3ml pre-filled pens,6,7
2020-10,0601023ABAAAAAA,Liraglutide 6mg/1ml inj 3ml pre-filled disposable devices,Liraglutide,0601023ABBBAAAA,Victoza 6mg/ml solution for injection 3ml pre-filled pens,9,28
2020-10,0601023ABBBAAAA,Victoza 6mg/ml solution for injection 3ml pre-filled pens,Liraglutide,0601023ABBBAAAA,Victoza 6mg/ml solution for injection 3ml pre-filled pens,12,29
2020-10,0601023AWAAAAAA,Semaglutide 0.25mg/0.19ml inj 1.5ml pf dispos dev,Semaglutide,0601023AWBBAAAA,Ozempic 0.25mg/0.19ml inj 1.5ml pre-filled pens,1,1
2020-10,0601023AWAAABAB,Semaglutide 0.5mg/0.37ml inj 1.5ml pf dispos dev,Semaglutide,0601023AWBBABAB,Ozempic 0.5mg/0.37ml inj 1.5ml pre-filled pens,3,3
2020-10,0601023AWAAACAC,Semaglutide 1mg/0.74ml inj 3ml pre-filled disposable device,Semaglutide,0601023AWBBACAC,Ozempic 1mg/0.74ml inj 3ml pre-filled pens,2,2
2020-10,0601023AWBBAAAA,Ozempic 0.25mg/0.19ml inj 1.5ml pre-filled pens,Semaglutide,0601023AWBBAAAA,Ozempic 0.25mg/0.19ml inj 1.5ml pre-filled pens,2,2
2020-10,0601023AWBBABAB,Ozempic 0.5mg/0.37ml inj 1.5ml pre-filled pens,Semaglutide,0601023AWBBABAB,Ozempic 0.5mg/0.37ml inj 1.5ml pre-filled pens,4,5
2020-10,0601023AWBBACAC,Ozempic 1mg/0.74ml inj 3ml pre-filled pens,Semaglutide,0601023AWBBACAC,Ozempic 1mg/0.74ml inj 3ml pre-filled pens,4,4
2020-11,0601023ABAAAAAA,Liraglutide 6mg/1ml inj 3ml pre-filled disposable devices,Liraglutide,0601023ABBBAAAA,Victoza 6mg/ml solution for injection 3ml pre-filled pens,11,31
2020-11,0601023ABBBAAAA,Victoza 6mg/ml solution for injection 3ml pre-filled pens,Liraglutide,0601023ABBBAAAA,Victoza 6mg/ml solution for injection 3ml pre-filled pens,10,23
2020-11,0601023AWAAAAAA,Semaglutide 0.25mg/0.19ml inj 1.5ml pf dispos dev,Semaglutide,0601023AWBBAAAA,Ozempic 0.25mg/0.19ml inj 1.5ml pre-filled pens,3,6
2020-11,0601023AWAAABAB,Semaglutide 0.5mg/0.37ml inj 1.5ml pf dispos dev,Semaglutide,0601023AWBBABAB,Ozempic 0.5mg/0.37ml inj 1.5ml pre-filled pens,2,2
2020-11,0601023AWAAACAC,Semaglutide 1mg/0.74ml inj 3ml pre-filled disposable device,Semaglutide,0601023AWBBACAC,Ozempic 1mg/0.74ml inj 3ml pre-filled pens,1,1
2020-11,0601023AWBBAAAA,Ozempic 0.25mg/0.19ml inj 1.5ml pre-filled pens,Semaglutide,0601023AWBBAAAA,Ozempic 0.25mg/0.19ml inj 1.5ml pre-filled pens,2,2
2020-11,0601023AWBBABAB,Ozempic 0.5mg/0.37ml inj 1.5ml pre-filled pens,Semaglutide,0601023AWBBABAB,Ozempic 0.5mg/0.37ml inj 1.5ml pre-filled pens,5,8
2020-11,0601023AWBBACAC,Ozempic 1mg/0.74ml inj 3ml pre-filled pens,Semaglutide,0601023AWBBACAC,Ozempic 1mg/0.74ml inj 3ml pre-filled pens,8,9
2020-12,0601023ABAAAAAA,Liraglutide 6mg/1ml inj 3ml pre-filled disposable devices,Liraglutide,0601023ABBBAAAA,Victoza 6mg/ml solution for injection 3ml pre-filled pens,10,28
2020-12,0601023ABBBAAAA,Victoza 6mg/ml solution for injection 3ml pre-filled pens,Liraglutide,0601023ABBBAAAA,Victoza 6mg/ml solution for injection 3ml pre-filled pens,14,36
2020-12,0601023AWAAAAAA,Semaglutide 0.25mg/0.19ml inj 1.5ml pf dispos dev,Semaglutide,0601023AWBBAAAA,Ozempic 0.25mg/0.19ml inj 1.5ml pre-filled pens,4,10
2020-12,0601023AWAAABAB,Semaglutide 0.5mg/0.37ml inj 1.5ml pf dispos dev,Semaglutide,0601023AWBBABAB,Ozempic 0.5mg/0.37ml inj 1.5ml pre-filled pens,2,2
2020-12,0601023AWAAACAC,Semaglutide 1mg/0.74ml inj 3ml pre-filled disposable device,Semaglutide,0601023AWBBACAC,Ozempic 1mg/0.74ml inj 3ml pre-filled pens,1,1
2020-12,0601023AWBBAAAA,Ozempic 0.25mg/0.19ml inj 1.5ml pre-filled pens,Semaglutide,0601023AWBBAAAA,Ozempic 0.25mg/0.19ml inj 1.5ml pre-filled pens,2,5
2020-12,0601023AWBBABAB,Ozempic 0.5mg/0.37ml inj 1.5ml pre-filled pens,Semaglutide,0601023AWBBABAB,Ozempic 0.5mg/0.37ml inj 1.5ml pre-filled pens,4,7
2020-12,0601023AWBBACAC,Ozempic 1mg/0.74ml inj 3ml pre-filled pens,Semaglutide,0601023AWBBACAC,Ozempic 1mg/0.74ml inj 3ml pre-filled pens,6,6
2021-01,0601023ABAAAAAA,Liraglutide 6mg/1ml inj 3ml pre-filled disposable devices,Liraglutide,0601023ABBBAAAA,Victoza 6mg/ml solution for injection 3ml pre-filled pens,12,33
2021-01,0601023ABBBAAAA,Victoza 6mg/ml solution for injection 3ml pre-filled pens,Liraglutide,0601023ABBBAAAA,Victoza 6mg/ml solution for injection 3ml pre-filled pens,13,31
2021-01,0601023AWAAAAAA,Semaglutide 0.25mg/0.19ml inj 1.5ml pf dispos dev,Semaglutide,0601023AWBBAAAA,Ozempic 0.25mg/0.19ml inj 1.5ml pre-filled pens,1,1
2021-01,0601023AWAAABAB,Semaglutide 0.5mg/0.37ml inj 1.5ml pf dispos dev,Semaglutide,0601023AWBBABAB,Ozempic 0.5mg/0.37ml inj 1.5ml pre-filled pens,4,4
2021-01,0601023AWAAACAC,Semaglutide 1mg/0.74ml inj 3ml pre-filled disposable device,Semaglutide,0601023AWBBACAC,Ozempic 1mg/0.74ml inj 3ml pre-filled pens,1,1
2021-01,0601023AWBBAAAA,Ozempic 0.25mg/0.19ml inj 1.5ml pre-filled pens,Semaglutide,0601023AWBBAAAA,Ozempic 0.25mg/0.19ml inj 1.5ml pre-filled pens,2,2
2021-01,0601023AWBBABAB,Ozempic 0.5mg/0.37ml inj 1.5ml pre-filled pens,Semaglutide,0601023AWBBABAB,Ozempic 0.5mg/0.37ml inj 1.5ml pre-filled pens,5,8
2021-01,0601023AWBBACAC,Ozempic 1mg/0.74ml inj 3ml pre-filled pens,Semaglutide,0601023AWBBACAC,Ozempic 1mg/0.74ml inj 3ml pre-filled pens,7,8
2021-02,0601023ABAAAAAA,Liraglutide 6mg/1ml inj 3ml pre-filled disposable devices,Liraglutide,0601023ABBBAAAA,Victoza 6mg/ml solution for injection 3ml pre-filled pens,14,36
2021-02,0601023ABBBAAAA,Victoza 6mg/ml solution for injection 3ml pre-filled pens,Liraglutide,0601023ABBBAAAA,Victoza 6mg/ml solution for injection 3ml pre-filled pens,12,31
2021-02,0601023AWAAABAB,Semaglutide 0.5mg/0.37ml inj 1.5ml pf dispos dev,Semaglutide,0601023AWBBABAB,Ozempic 0.5mg/0.37ml inj 1.5ml pre-filled pens,3,3
2021-02,0601023AWAAACAC,Semaglutide 1mg/0.74ml inj 3ml pre-filled disposable device,Semaglutide,0601023AWBBACAC,Ozempic 1mg/0.74ml inj 3ml pre-filled pens,1,1
2021-02,0601023AWBBAAAA,Ozempic 0.25mg/0.19ml inj 1.5ml pre-filled pens,Semaglutide,0601023AWBBAAAA,Ozempic 0.25mg/0.19ml inj 1.5ml pre-filled pens,3,3
2021-02,0601023AWBBABAB,Ozempic 0.5mg/0.37ml inj 1.5ml pre-filled pens,Semaglutide,0601023AWBBABAB,Ozempic 0.5mg/0.37ml inj 1.5ml pre-filled pens,2,2
2021-02,0601023AWBBACAC,Ozempic 1mg/0.74ml inj 3ml pre-filled pens,Semaglutide,0601023AWBBACAC,Ozempic 1mg/0.74ml inj 3ml pre-filled pens,11,11
2021-03,0601023ABAAAAAA,Liraglutide 6mg/1ml inj 3ml pre-filled disposable devices,Liraglutide,0601023ABBBAAAA,Victoza 6mg/ml solution for injection 3ml pre-filled pens,15,41
2021-03,0601023ABBBAAAA,Victoza 6mg/ml solution for injection 3ml pre-filled pens,Liraglutide,0601023ABBBAAAA,Victoza 6mg/ml solution for injection 3ml pre-filled pens,13,27
2021-03,0601023AWAAAAAA,Semaglutide 0.25mg/0.19ml inj 1.5ml pf dispos dev,Semaglutide,0601023AWBBAAAA,Ozempic 0.25mg/0.19ml inj 1.5ml pre-filled pens,1,1
2021-03,0601023AWAAABAB,Semaglutide 0.5mg/0.37ml inj 1.5ml pf dispos dev,Semaglutide,0601023AWBBABAB,Ozempic 0.5mg/0.37ml inj 1.5ml pre-filled pens,5,8
2021-03,0601023AWAAACAC,Semaglutide 1mg/0.74ml inj 3ml pre-filled disposable device,Semaglutide,0601023AWBBACAC,Ozempic 1mg/0.74ml inj 3ml pre-filled pens,1,1
2021-03,0601023AWBBAAAA,Ozempic 0.25mg/0.19ml inj 1.5ml pre-filled pens,Semaglutide,0601023AWBBAAAA,Ozempic 0.25mg/0.19ml inj 1.5ml pre-filled pens,6,6
2021-03,0601023AWBBABAB,Ozempic 0.5mg/0.37ml inj 1.5ml pre-filled pens,Semaglutide,0601023AWBBABAB,Ozempic 0.5mg/0.37ml inj 1.5ml pre-filled pens,8,9
2021-03,0601023AWBBACAC,Ozempic 1mg/0.74ml inj 3ml pre-filled pens,Semaglutide,0601023AWBBACAC,Ozempic 1mg/0.74ml inj 3ml pre-filled pens,14,15
2021-04,0601023ABAAAAAA,Liraglutide 6mg/1ml inj 3ml pre-filled disposable devices,Liraglutide,0601023ABBBAAAA,Victoza 6mg/ml solution for injection 3ml pre-filled pens,13,42
2021-04,0601023ABBBAAAA,Victoza 6mg/ml solution for injection 3ml pre-filled pens,Liraglutide,0601023ABBBAAAA,Victoza 6mg/ml solution for injection 3ml pre-filled pens,13,37
2021-04,0601023ABBCAAAA,Saxenda 6mg/ml solution for injection 3ml pre-filled pens,Liraglutide,0601023ABBCAAAA,Saxenda 6mg/ml solution for injection 3ml pre-filled pens,1,6
2021-04,0601023AWAAAAAA,Semaglutide 0.25mg/0.19ml inj 1.5ml pf dispos dev,Semaglutide,0601023AWBBAAAA,Ozempic 0.25mg/0.19ml inj 1.5ml pre-filled pens,2,8
2021-04,0601023AWAAABAB,Semaglutide 0.5mg/0.37ml inj 1.5ml pf dispos dev,Semaglutide,0601023AWBBABAB,Ozempic 0.5mg/0.37ml inj 1.5ml pre-filled pens,3,3
2021-04,0601023AWAAACAC,Semaglutide 1mg/0.74ml inj 3ml pre-filled disposable device,Semaglutide,0601023AWBBACAC,Ozempic 1mg/0.74ml inj 3ml pre-filled pens,3,3
2021-04,0601023AWBBAAAA,Ozempic 0.25mg/0.19ml inj 1.5ml pre-filled pens,Semaglutide,0601023AWBBAAAA,Ozempic 0.25mg/0.19ml inj 1.5ml pre-filled pens,2,2
2021-04,0601023AWBBABAB,Ozempic 0.5mg/0.37ml inj 1.5ml pre-filled pens,Semaglutide,0601023AWBBABAB,Ozempic 0.5mg/0.37ml inj 1.5ml pre-filled pens,8,8
2021-04,0601023AWBBACAC,Ozempic 1mg/0.74ml inj 3ml pre-filled pens,Semaglutide,0601023AWBBACAC,Ozempic 1mg/0.74ml inj 3ml pre-filled pens,14,14
2021-05,0601023ABAAAAAA,Liraglutide 6mg/1ml inj 3ml pre-filled disposable devices,Liraglutide,0601023ABBBAAAA,Victoza 6mg/ml solution for injection 3ml pre-filled pens,17,60
2021-05,0601023ABBBAAAA,Victoza 6mg/ml solution for injection 3ml pre-filled pens,Liraglutide,0601023ABBBAAAA,Victoza 6mg/ml solution for injection 3ml pre-filled pens,12,31
2021-05,0601023AWAAABAB,Semaglutide 0.5mg/0.37ml inj 1.5ml pf dispos dev,Semaglutide,0601023AWBBABAB,Ozempic 0.5mg/0.37ml inj 1.5ml pre-filled pens,6,7
2021-05,0601023AWAAACAC,Semaglutide 1mg/0.74ml inj 3ml pre-filled disposable device,Semaglutide,0601023AWBBACAC,Ozempic 1mg/0.74ml inj 3ml pre-filled pens,3,6
2021-05,0601023AWBBAAAA,Ozempic 0.25mg/0.19ml inj 1.5ml pre-filled pens,Semaglutide,0601023AWBBAAAA,Ozempic 0.25mg/0.19ml inj 1.5ml pre-filled pens,3,3
2021-05,0601023AWBBABAB,Ozempic 0.5mg/0.37ml inj 1.5ml pre-filled pens,Semaglutide,0601023AWBBABAB,Ozempic 0.5mg/0.37ml inj 1.5ml pre-filled pens,10,11
2021-05,0601023AWBBACAC,Ozempic 1mg/0.74ml inj 3ml pre-filled pens,Semaglutide,0601023AWBBACAC,Ozempic 1mg/0.74ml inj 3ml pre-filled pens,14,14
2021-06,0601023ABAAAAAA,Liraglutide 6mg/1ml inj 3ml pre-filled disposable devices,Liraglutide,0601023ABBBAAAA,Victoza 6mg/ml solution for injection 3ml pre-filled pens,13,39
2021-06,0601023ABBBAAAA,Victoza 6mg/ml solution for injection 3ml pre-filled pens,Liraglutide,0601023ABBBAAAA,Victoza 6mg/ml solution for injection 3ml pre-filled pens,11,31
2021-06,0601023AWAAAAAA,Semaglutide 0.25mg/0.19ml inj 1.5ml pf dispos dev,Semaglutide,0601023AWBBAAAA,Ozempic 0.25mg/0.19ml inj 1.5ml pre-filled pens,2,5
2021-06,0601023AWAAABAB,Semaglutide 0.5mg/0.37ml inj 1.5ml pf dispos dev,Semaglutide,0601023AWBBABAB,Ozempic 0.5mg/0.37ml inj 1.5ml pre-filled pens,4,4
2021-06,0601023AWAAACAC,Semaglutide 1mg/0.74ml inj 3ml pre-filled disposable device,Semaglutide,0601023AWBBACAC,Ozempic 1mg/0.74ml inj 3ml pre-filled pens,7,8
2021-06,0601023AWBBAAAA,Ozempic 0.25mg/0.19ml inj 1.5ml pre-filled pens,Semaglutide,0601023AWBBAAAA,Ozempic 0.25mg/0.19ml inj 1.5ml pre-filled pens,3,3
2021-06,0601023AWBBABAB,Ozempic 0.5mg/0.37ml inj 1.5ml pre-filled pens,Semaglutide,0601023AWBBABAB,Ozempic 0.5mg/0.37ml inj 1.5ml pre-filled pens,15,16
2021-06,0601023AWBBACAC,Ozempic 1mg/0.74ml inj 3ml pre-filled pens,Semaglutide,0601023AWBBACAC,Ozempic 1mg/0.74ml inj 3ml pre-filled pens,18,18
2021-07,0601023ABAAAAAA,Liraglutide 6mg/1ml inj 3ml pre-filled disposable devices,Liraglutide,0601023ABBBAAAA,Victoza 6mg/ml solution for injection 3ml pre-filled pens,19,61
2021-07,0601023ABBBAAAA,Victoza 6mg/ml solution for injection 3ml pre-filled pens,Liraglutide,0601023ABBBAAAA,Victoza 6mg/ml solution for injection 3ml pre-filled pens,9,20
2021-07,0601023AWAAAAAA,Semaglutide 0.25mg/0.19ml inj 1.5ml pf dispos dev,Semaglutide,0601023AWBBAAAA,Ozempic 0.25mg/0.19ml inj 1.5ml pre-filled pens,2,2
2021-07,0601023AWAAABAB,Semaglutide 0.5mg/0.37ml inj 1.5ml pf dispos dev,Semaglutide,0601023AWBBABAB,Ozempic 0.5mg/0.37ml inj 1.5ml pre-filled pens,7,8
2021-07,0601023AWAAACAC,Semaglutide 1mg/0.74ml inj 3ml pre-filled disposable device,Semaglutide,0601023AWBBACAC,Ozempic 1mg/0.74ml inj 3ml pre-filled pens,3,6
2021-07,0601023AWBBAAAA,Ozempic 0.25mg/0.19ml inj 1.5ml pre-filled pens,Semaglutide,0601023AWBBAAAA,Ozempic 0.25mg/0.19ml inj 1.5ml pre-filled pens,4,4
2021-07,0601023AWBBABAB,Ozempic 0.5mg/0.37ml inj 1.5ml pre-filled pens,Semaglutide,0601023AWBBABAB,Ozempic 0.5mg/0.37ml inj 1.5ml pre-filled pens,16,17
2021-07,0601023AWBBACAC,Ozempic 1mg/0.74ml inj 3ml pre-filled pens,Semaglutide,0601023AWBBACAC,Ozempic 1mg/0.74ml inj 3ml pre-filled pens,27,27
2021-08,0601023ABAAAAAA,Liraglutide 6mg/1ml inj 3ml pre-filled disposable devices,Liraglutide,0601023ABBBAAAA,Victoza 6mg/ml solution for injection 3ml pre-filled pens,15,49
2021-08,0601023ABBBAAAA,Victoza 6mg/ml solution for injection 3ml pre-filled pens,Liraglutide,0601023ABBBAAAA,Victoza 6mg/ml solution for injection 3ml pre-filled pens,13,32
2021-08,0601023AWAAAAAA,Semaglutide 0.25mg/0.19ml inj 1.5ml pf dispos dev,Semaglutide,0601023AWBBAAAA,Ozempic 0.25mg/0.19ml inj 1.5ml pre-filled pens,2,2
2021-08,0601023AWAAABAB,Semaglutide 0.5mg/0.37ml inj 1.5ml pf dispos dev,Semaglutide,0601023AWBBABAB,Ozempic 0.5mg/0.37ml inj 1.5ml pre-filled pens,8,8
2021-08,0601023AWAAACAC,Semaglutide 1mg/0.74ml inj 3ml pre-filled disposable device,Semaglutide,0601023AWBBACAC,Ozempic 1mg/0.74ml inj 3ml pre-filled pens,9,11
2021-08,0601023AWBBAAAA,Ozempic 0.25mg/0.19ml inj 1.5ml pre-filled pens,Semaglutide,0601023AWBBAAAA,Ozempic 0.25mg/0.19ml inj 1.5ml pre-filled pens,6,7
2021-08,0601023AWBBABAB,Ozempic 0.5mg/0.37ml inj 1.5ml pre-filled pens,Semaglutide,0601023AWBBABAB,Ozempic 0.5mg/0.37ml inj 1.5ml pre-filled pens,18,19
2021-08,0601023AWBBACAC,Ozempic 1mg/0.74ml inj 3ml pre-filled pens,Semaglutide,0601023AWBBACAC,Ozempic 1mg/0.74ml inj 3ml pre-filled pens,22,23
2021-09,0601023ABAAAAAA,Liraglutide 6mg/1ml inj 3ml pre-filled disposable devices,Liraglutide,0601023ABBBAAAA,Victoza 6mg/ml solution for injection 3ml pre-filled pens,15,48
2021-09,0601023ABBBAAAA,Victoza 6mg/ml solution for injection 3ml pre-filled pens,Liraglutide,0601023ABBBAAAA,Victoza 6mg/ml solution for injection 3ml pre-filled pens,14,31
2021-09,0601023ABBCAAAA,Saxenda 6mg/ml solution for injection 3ml pre-filled pens,Liraglutide,0601023ABBCAAAA,Saxenda 6mg/ml solution for injection 3ml pre-filled pens,1,6
2021-09,0601023AWAAAAAA,Semaglutide 0.25mg/0.19ml inj 1.5ml pf dispos dev,Semaglutide,0601023AWBBAAAA,Ozempic 0.25mg/0.19ml inj 1.5ml pre-filled pens,6,9
2021-09,0601023AWAAABAB,Semaglutide 0.5mg/0.37ml inj 1.5ml pf dispos dev,Semaglutide,0601023AWBBABAB,Ozempic 0.5mg/0.37ml inj 1.5ml pre-filled pens,12,15
2021-09,0601023AWAAACAC,Semaglutide 1mg/0.74ml inj 3ml pre-filled disposable device,Semaglutide,0601023AWBBACAC,Ozempic 1mg/0.74ml inj 3ml pre-filled pens,5,5
2021-09,0601023AWBBAAAA,Ozempic 0.25mg/0.19ml inj 1.5ml pre-filled pens,Semaglutide,0601023AWBBAAAA,Ozempic 0.25mg/0.19ml inj 1.5ml pre-filled pens,8,9
2021-09,0601023AWBBABAB,Ozempic 0.5mg/0.37ml inj 1.5ml pre-filled pens,Semaglutide,0601023AWBBABAB,Ozempic 0.5mg/0.37ml inj 1.5ml pre-filled pens,20,27
2021-09,0601023AWBBACAC,Ozempic 1mg/0.74ml inj 3ml pre-filled pens,Semaglutide,0601023AWBBACAC,Ozempic 1mg/0.74ml inj 3ml pre-filled pens,20,21
2021-10,0601023ABAAAAAA,Liraglutide 6mg/1ml inj 3ml pre-filled disposable devices,Liraglutide,0601023ABBBAAAA,Victoza 6mg/ml solution for injection 3ml pre-filled pens,13,37
2021-10,0601023ABBBAAAA,Victoza 6mg/ml solution for injection 3ml pre-filled pens,Liraglutide,0601023ABBBAAAA,Victoza 6mg/ml solution for injection 3ml pre-filled pens,10,23
2021-10,0601023AWAAAAAA,Semaglutide 0.25mg/0.19ml inj 1.5ml pf dispos dev,Semaglutide,0601023AWBBAAAA,Ozempic 0.25mg/0.19ml inj 1.5ml pre-filled pens,4,4
2021-10,0601023AWAAABAB,Semaglutide 0.5mg/0.37ml inj 1.5ml pf dispos dev,Semaglutide,0601023AWBBABAB,Ozempic 0.5mg/0.37ml inj 1.5ml pre-filled pens,7,7
2021-10,0601023AWAAACAC,Semaglutide 1mg/0.74ml inj 3ml pre-filled disposable device,Semaglutide,0601023AWBBACAC,Ozempic 1mg/0.74ml inj 3ml pre-filled pens,6,7
2021-10,0601023AWBBAAAA,Ozempic 0.25mg/0.19ml inj 1.5ml pre-filled pens,Semaglutide,0601023AWBBAAAA,Ozempic 0.25mg/0.19ml inj 1.5ml pre-filled pens,8,8
2021-10,0601023AWBBABAB,Ozempic 0.5mg/0.37ml inj 1.5ml pre-filled pens,Semaglutide,0601023AWBBABAB,Ozempic 0.5mg/0.37ml inj 1.5ml pre-filled pens,14,14
2021-10,0601023AWBBACAC,Ozempic 1mg/0.74ml inj 3ml pre-filled pens,Semaglutide,0601023AWBBACAC,Ozempic 1mg/0.74ml inj 3ml pre-filled pens,20,20
2021-11,0601023ABAAAAAA,Liraglutide 6mg/1ml inj 3ml pre-filled disposable devices,Liraglutide,0601023ABBBAAAA,Victoza 6mg/ml solution for injection 3ml pre-filled pens,18,53
2021-11,0601023ABBBAAAA,Victoza 6mg/ml solution for injection 3ml pre-filled pens,Liraglutide,0601023ABBBAAAA,Victoza 6mg/ml solution for injection 3ml pre-filled pens,9,24
2021-11,0601023AWAAAAAA,Semaglutide 0.25mg/0.19ml inj 1.5ml pf dispos dev,Semaglutide,0601023AWBBAAAA,Ozempic 0.25mg/0.19ml inj 1.5ml pre-filled pens,2,2
2021-11,0601023AWAAABAB,Semaglutide 0.5mg/0.37ml inj 1.5ml pf dispos dev,Semaglutide,0601023AWBBABAB,Ozempic 0.5mg/0.37ml inj 1.5ml pre-filled pens,7,8
2021-11,0601023AWAAACAC,Semaglutide 1mg/0.74ml inj 3ml pre-filled disposable device,Semaglutide,0601023AWBBACAC,Ozempic 1mg/0.74ml inj 3ml pre-filled pens,5,6
2021-11,0601023AWBBAAAA,Ozempic 0.25mg/0.19ml inj 1.5ml pre-filled pens,Semaglutide,0601023AWBBAAAA,Ozempic 0.25mg/0.19ml inj 1.5ml pre-filled pens,6,6
2021-11,0601023AWBBABAB,Ozempic 0.5mg/0.37ml inj 1.5ml pre-filled pens,Semaglutide,0601023AWBBABAB,Ozempic 0.5mg/0.37ml inj 1.5ml pre-filled pens,18,20
2021-11,0601023AWBBACAC,Ozempic 1mg/0.74ml inj 3ml pre-filled pens,Semaglutide,0601023AWBBACAC,Ozempic 1mg/0.74ml inj 3ml pre-filled pens,27,28
2021-12,0601023ABAAAAAA,Liraglutide 6mg/1ml inj 3ml pre-filled disposable devices,Liraglutide,0601023ABBBAAAA,Victoza 6mg/ml solution for injection 3ml pre-filled pens,12,42
2021-12,0601023ABBBAAAA,Victoza 6mg/ml solution for injection 3ml pre-filled pens,Liraglutide,0601023ABBBAAAA,Victoza 6mg/ml solution for injection 3ml pre-filled pens,9,21
2021-12,0601023AWAAAAAA,Semaglutide 0.25mg/0.19ml inj 1.5ml pf dispos dev,Semaglutide,0601023AWBBAAAA,Ozempic 0.25mg/0.19ml inj 1.5ml pre-filled pens,2,2
2021-12,0601023AWAAABAB,Semaglutide 0.5mg/0.37ml inj 1.5ml pf dispos dev,Semaglutide,0601023AWBBABAB,Ozempic 0.5mg/0.37ml inj 1.5ml pre-filled pens,8,9
2021-12,0601023AWAAACAC,Semaglutide 1mg/0.74ml inj 3ml pre-filled disposable device,Semaglutide,0601023AWBBACAC,Ozempic 1mg/0.74ml inj 3ml pre-filled pens,8,10
2021-12,0601023AWBBAAAA,Ozempic 0.25mg/0.19ml inj 1.5ml pre-filled pens,Semaglutide,0601023AWBBAAAA,Ozempic 0.25mg/0.19ml inj 1.5ml pre-filled pens,3,3
2021-12,0601023AWBBABAB,Ozempic 0.5mg/0.37ml inj 1.5ml pre-filled pens,Semaglutide,0601023AWBBABAB,Ozempic 0.5mg/0.37ml inj 1.5ml pre-filled pens,23,30
2021-12,0601023AWBBACAC,Ozempic 1mg/0.74ml inj 3ml pre-filled pens,Semaglutide,0601023AWBBACAC,Ozempic 1mg/0.74ml inj 3ml pre-filled pens,32,37
2022-01,0601023ABAAAAAA,Liraglutide 6mg/1ml inj 3ml pre-filled disposable devices,Liraglutide,0601023ABBBAAAA,Victoza 6mg/ml solution for injection 3ml pre-filled pens,13,41
2022-01,0601023ABBBAAAA,Victoza 6mg/ml solution for injection 3ml pre-filled pens,Liraglutide,0601023ABBBAAAA,Victoza 6mg/ml solution for injection 3ml pre-filled pens,12,32
2022-01,0601023AWAAAAAA,Semaglutide 0.25mg/0.19ml inj 1.5ml pf dispos dev,Semaglutide,0601023AWBBAAAA,Ozempic 0.25mg/0.19ml inj 1.5ml pre-filled pens,1,1
2022-01,0601023AWAAABAB,Semaglutide 0.5mg/0.37ml inj 1.5ml pf dispos dev,Semaglutide,0601023AWBBABAB,Ozempic 0.5mg/0.37ml inj 1.5ml pre-filled pens,7,7
2022-01,0601023AWAAACAC,Semaglutide 1mg/0.74ml inj 3ml pre-filled disposable device,Semaglutide,0601023AWBBACAC,Ozempic 1mg/0.74ml inj 3ml pre-filled pens,6,6
2022-01,0601023AWBBAAAA,Ozempic 0.25mg/0.19ml inj 1.5ml pre-filled pens,Semaglutide,0601023AWBBAAAA,Ozempic 0.25mg/0.19ml inj 1.5ml pre-filled pens,5,5
2022-01,0601023AWBBABAB,Ozempic 0.5mg/0.37ml inj 1.5ml pre-filled pens,Semaglutide,0601023AWBBABAB,Ozempic 0.5mg/0.37ml inj 1.5ml pre-filled pens,23,26
2022-01,0601023AWBBACAC,Ozempic 1mg/0.74ml inj 3ml pre-filled pens,Semaglutide,0601023AWBBACAC,Ozempic 1mg/0.74ml inj 3ml pre-filled pens,33,38
2022-02,0601023ABAAAAAA,Liraglutide 6mg/1ml inj 3ml pre-filled disposable devices,Liraglutide,0601023ABBBAAAA,Victoza 6mg/ml solution for injection 3ml pre-filled pens,12,38
2022-02,0601023ABBBAAAA,Victoza 6mg/ml solution for injection 3ml pre-filled pens,Liraglutide,0601023ABBBAAAA,Victoza 6mg/ml solution for injection 3ml pre-filled pens,14,37
2022-02,0601023AWAAAAAA,Semaglutide 0.25mg/0.19ml inj 1.5ml pf dispos dev,Semaglutide,0601023AWBBAAAA,Ozempic 0.25mg/0.19ml inj 1.5ml pre-filled pens,2,2
2022-02,0601023AWAAABAB,Semaglutide 0.5mg/0.37ml inj 1.5ml pf dispos dev,Semaglutide,0601023AWBBABAB,Ozempic 0.5mg/0.37ml inj 1.5ml pre-filled pens,6,6
2022-02,0601023AWAAACAC,Semaglutide 1mg/0.74ml inj 3ml pre-filled disposable device,Semaglutide,0601023AWBBACAC,Ozempic 1mg/0.74ml inj 3ml pre-filled pens,10,14
2022-02,0601023AWBBAAAA,Ozempic 0.25mg/0.19ml inj 1.5ml pre-filled pens,Semaglutide,0601023AWBBAAAA,Ozempic 0.25mg/0.19ml inj 1.5ml pre-filled pens,4,4
2022-02,0601023AWBBABAB,Ozempic 0.5mg/0.37ml inj 1.5ml pre-filled pens,Semaglutide,0601023AWBBABAB,Ozempic 0.5mg/0.37ml inj 1.5ml pre-filled pens,14,16
2022-02,0601023AWBBACAC,Ozempic 1mg/0.74ml inj 3ml pre-filled pens,Semaglutide,0601023AWBBACAC,Ozempic 1mg/0.74ml inj 3ml pre-filled pens,25,27
2022-03,0601023ABAAAAAA,Liraglutide 6mg/1ml inj 3ml pre-filled disposable devices,Liraglutide,0601023ABBBAAAA,Victoza 6mg/ml solution for injection 3ml pre-filled pens,24,73
2022-03,0601023ABBBAAAA,Victoza 6mg/ml solution for injection 3ml pre-filled pens,Liraglutide,0601023ABBBAAAA,Victoza 6mg/ml solution for injection 3ml pre-filled pens,16,40
2022-03,0601023AWAAAAAA,Semaglutide 0.25mg/0.19ml inj 1.5ml pf dispos dev,Semaglutide,0601023AWBBAAAA,Ozempic 0.25mg/0.19ml inj 1.5ml pre-filled pens,2,5
2022-03,0601023AWAAABAB,Semaglutide 0.5mg/0.37ml inj 1.5ml pf dispos dev,Semaglutide,0601023AWBBABAB,Ozempic 0.5mg/0.37ml inj 1.5ml pre-filled pens,9,9
2022-03,0601023AWAAACAC,Semaglutide 1mg/0.74ml inj 3ml pre-filled disposable device,Semaglutide,0601023AWBBACAC,Ozempic 1mg/0.74ml inj 3ml pre-filled pens,7,8
2022-03,0601023AWBBAAAA,Ozempic 0.25mg/0.19ml inj 1.5ml pre-filled pens,Semaglutide,0601023AWBBAAAA,Ozempic 0.25mg/0.19ml inj 1.5ml pre-filled pens,5,5
2022-03,0601023AWBBABAB,Ozempic 0.5mg/0.37ml inj 1.5ml pre-filled pens,Semaglutide,0601023AWBBABAB,Ozempic 0.5mg/0.37ml inj 1.5ml pre-filled pens,21,23
2022-03,0601023AWBBACAC,Ozempic 1mg/0.74ml inj 3ml pre-filled pens,Semaglutide,0601023AWBBACAC,Ozempic 1mg/0.74ml inj 3ml pre-filled pens,34,37
2022-04,0601023ABAAAAAA,Liraglutide 6mg/1ml inj 3ml pre-filled disposable devices,Liraglutide,0601023ABBBAAAA,Victoza 6mg/ml solution for injection 3ml pre-filled pens,19,59
2022-04,0601023ABBBAAAA,Victoza 6mg/ml solution for injection 3ml pre-filled pens,Liraglutide,0601023ABBBAAAA,Victoza 6mg/ml solution for injection 3ml pre-filled pens,23,55
2022-04,0601023AWAAAAAA,Semaglutide 0.25mg/0.19ml inj 1.5ml pf dispos dev,Semaglutide,0601023AWBBAAAA,Ozempic 0.25mg/0.19ml inj 1.5ml pre-filled pens,4,10
2022-04,0601023AWAAABAB,Semaglutide 0.5mg/0.37ml inj 1.5ml pf dispos dev,Semaglutide,0601023AWBBABAB,Ozempic 0.5mg/0.37ml inj 1.5ml pre-filled pens,8,8
2022-04,0601023AWAAACAC,Semaglutide 1mg/0.74ml inj 3ml pre-filled disposable device,Semaglutide,0601023AWBBACAC,Ozempic 1mg/0.74ml inj 3ml pre-filled pens,8,14
2022-04,0601023AWBBAAAA,Ozempic 0.25mg/0.19ml inj 1.5ml pre-filled pens,Semaglutide,0601023AWBBAAAA,Ozempic 0.25mg/0.19ml inj 1.5ml pre-filled pens,5,8
2022-04,0601023AWBBABAB,Ozempic 0.5mg/0.37ml inj 1.5ml pre-filled pens,Semaglutide,0601023AWBBABAB,Ozempic 0.5mg/0.37ml inj 1.5ml pre-filled pens,18,19
2022-04,0601023AWBBACAC,Ozempic 1mg/0.74ml inj 3ml pre-filled pens,Semaglutide,0601023AWBBACAC,Ozempic 1mg/0.74ml inj 3ml pre-filled pens,32,42
2022-05,0601023ABAAAAAA,Liraglutide 6mg/1ml inj 3ml pre-filled disposable devices,Liraglutide,0601023ABBBAAAA,Victoza 6mg/ml solution for injection 3ml pre-filled pens,21,62
2022-05,0601023ABBBAAAA,Victoza 6mg/ml solution for injection 3ml pre-filled pens,Liraglutide,0601023ABBBAAAA,Victoza 6mg/ml solution for injection 3ml pre-filled pens,18,43
2022-05,0601023AWAAAAAA,Semaglutide 0.25mg/0.19ml inj 1.5ml pf dispos dev,Semaglutide,0601023AWBBAAAA,Ozempic 0.25mg/0.19ml inj 1.5ml pre-filled pens,4,7
2022-05,0601023AWAAABAB,Semaglutide 0.5mg/0.37ml inj 1.5ml pf dispos dev,Semaglutide,0601023AWBBABAB,Ozempic 0.5mg/0.37ml inj 1.5ml pre-filled pens,9,9
2022-05,0601023AWAAACAC,Semaglutide 1mg/0.74ml inj 3ml pre-filled disposable device,Semaglutide,0601023AWBBACAC,Ozempic 1mg/0.74ml inj 3ml pre-filled pens,13,24
2022-05,0601023AWBBAAAA,Ozempic 0.25mg/0.19ml inj 1.5ml pre-filled pens,Semaglutide,0601023AWBBAAAA,Ozempic 0.25mg/0.19ml inj 1.5ml pre-filled pens,6,12
2022-05,0601023AWBBABAB,Ozempic 0.5mg/0.37ml inj 1.5ml pre-filled pens,Semaglutide,0601023AWBBABAB,Ozempic 0.5mg/0.37ml inj 1.5ml pre-filled pens,23,26
2022-05,0601023AWBBACAC,Ozempic 1mg/0.74ml inj 3ml pre-filled pens,Semaglutide,0601023AWBBACAC,Ozempic 1mg/0.74ml inj 3ml pre-filled pens,34,38
2022-06,0601023ABAAAAAA,Liraglutide 6mg/1ml inj 3ml pre-filled disposable devices,Liraglutide,0601023ABBBAAAA,Victoza 6mg/ml solution for injection 3ml pre-filled pens,16,46
2022-06,0601023ABBBAAAA,Victoza 6mg/ml solution for injection 3ml pre-filled pens,Liraglutide,0601023ABBBAAAA,Victoza 6mg/ml solution for injection 3ml pre-filled pens,17,47
2022-06,0601023ABBCAAAA,Saxenda 6mg/ml solution for injection 3ml pre-filled pens,Liraglutide,0601023ABBCAAAA,Saxenda 6mg/ml solution for injection 3ml pre-filled pens,1,5
2022-06,0601023AWAAAAAA,Semaglutide 0.25mg/0.19ml inj 1.5ml pf dispos dev,Semaglutide,0601023AWBBAAAA,Ozempic 0.25mg/0.19ml inj 1.5ml pre-filled pens,2,2
2022-06,0601023AWAAABAB,Semaglutide 0.5mg/0.37ml inj 1.5ml pf dispos dev,Semaglutide,0601023AWBBABAB,Ozempic 0.5mg/0.37ml inj 1.5ml pre-filled pens,10,10
2022-06,0601023AWAAACAC,Semaglutide 1mg/0.74ml inj 3ml pre-filled disposable device,Semaglutide,0601023AWBBACAC,Ozempic 1mg/0.74ml inj 3ml pre-filled pens,10,14
2022-06,0601023AWBBAAAA,Ozempic 0.25mg/0.19ml inj 1.5ml pre-filled pens,Semaglutide,0601023AWBBAAAA,Ozempic 0.25mg/0.19ml inj 1.5ml pre-filled pens,6,6
2022-06,0601023AWBBABAB,Ozempic 0.5mg/0.37ml inj 1.5ml pre-filled pens,Semaglutide,0601023AWBBABAB,Ozempic 0.5mg/0.37ml inj 1.5ml pre-filled pens,18,24
2022-06,0601023AWBBACAC,Ozempic 1mg/0.74ml inj 3ml pre-filled pens,Semaglutide,0601023AWBBACAC,Ozempic 1mg/0.74ml inj 3ml pre-filled pens,32,32
2022-07,0601023ABAAAAAA,Liraglutide 6mg/1ml inj 3ml pre-filled disposable devices,Liraglutide,0601023ABBBAAAA,Victoza 6mg/ml solution for injection 3ml pre-filled pens,11,34
2022-07,0601023ABBBAAAA,Victoza 6mg/ml solution for injection 3ml pre-filled pens,Liraglutide,0601023ABBBAAAA,Victoza 6mg/ml solution for injection 3ml pre-filled pens,15,40
2022-07,0601023AWAAAAAA,Semaglutide 0.25mg/0.19ml inj 1.5ml pf dispos dev,Semaglutide,0601023AWBBAAAA,Ozempic 0.25mg/0.19ml inj 1.5ml pre-filled pens,3,6
2022-07,0601023AWAAABAB,Semaglutide 0.5mg/0.37ml inj 1.5ml pf dispos dev,Semaglutide,0601023AWBBABAB,Ozempic 0.5mg/0.37ml inj 1.5ml pre-filled pens,10,11
2022-07,0601023AWAAACAC,Semaglutide 1mg/0.74ml inj 3ml pre-filled disposable device,Semaglutide,0601023AWBBACAC,Ozempic 1mg/0.74ml inj 3ml pre-filled pens,11,13
2022-07,0601023AWBBAAAA,Ozempic 0.25mg/0.19ml inj 1.5ml pre-filled pens,Semaglutide,0601023AWBBAAAA,Ozempic 0.25mg/0.19ml inj 1.5ml pre-filled pens,7,8
2022-07,0601023AWBBABAB,Ozempic 0.5mg/0.37ml inj 1.5ml pre-filled pens,Semaglutide,0601023AWBBABAB,Ozempic 0.5mg/0.37ml inj 1.5ml pre-filled pens,24,31
2022-07,0601023AWBBACAC,Ozempic 1mg/0.74ml inj 3ml pre-filled pens,Semaglutide,0601023AWBBACAC,Ozempic 1mg/0.74ml inj 3ml pre-filled pens,27,28
2022-08,0601023ABAAAAAA,Liraglutide 6mg/1ml inj 3ml pre-filled disposable devices,Liraglutide,0601023ABBBAAAA,Victoza 6mg/ml solution for injection 3ml pre-filled pens,15,45
2022-08,0601023ABBBAAAA,Victoza 6mg/ml solution for injection 3ml pre-filled pens,Liraglutide,0601023ABBBAAAA,Victoza 6mg/ml solution for injection 3ml pre-filled pens,15,36
2022-08,0601023ABBCAAAA,Saxenda 6mg/ml solution for injection 3ml pre-filled pens,Liraglutide,0601023ABBCAAAA,Saxenda 6mg/ml solution for injection 3ml pre-filled pens,2,11
2022-08,0601023AWAAAAAA,Semaglutide 0.25mg/0.19ml inj 1.5ml pf dispos dev,Semaglutide,0601023AWBBAAAA,Ozempic 0.25mg/0.19ml inj 1.5ml pre-filled pens,3,3
2022-08,0601023AWAAABAB,Semaglutide 0.5mg/0.37ml inj 1.5ml pf dispos dev,Semaglutide,0601023AWBBABAB,Ozempic 0.5mg/0.37ml inj 1.5ml pre-filled pens,11,18
2022-08,0601023AWAAACAC,Semaglutide 1mg/0.74ml inj 3ml pre-filled disposable device,Semaglutide,0601023AWBBACAC,Ozempic 1mg/0.74ml inj 3ml pre-filled pens,14,18
2022-08,0601023AWBBAAAA,Ozempic 0.25mg/0.19ml inj 1.5ml pre-filled pens,Semaglutide,0601023AWBBAAAA,Ozempic 0.25mg/0.19ml inj 1.5ml pre-filled pens,5,5
2022-08,0601023AWBBABAB,Ozempic 0.5mg/0.37ml inj 1.5ml pre-filled pens,Semaglutide,0601023AWBBABAB,Ozempic 0.5mg/0.37ml inj 1.5ml pre-filled pens,31,38
2022-08,0601023AWBBACAC,Ozempic 1mg/0.74ml inj 3ml pre-filled pens,Semaglutide,0601023AWBBACAC,Ozempic 1mg/0.74ml inj 3ml pre-filled pens,38,42
2022-09,0601023ABAAAAAA,Liraglutide 6mg/1ml inj 3ml pre-filled disposable devices,Liraglutide,0601023ABBBAAAA,Victoza 6mg/ml solution for injection 3ml pre-filled pens,15,47
2022-09,0601023ABBBAAAA,Victoza 6mg/ml solution for injection 3ml pre-filled pens,Liraglutide,0601023ABBBAAAA,Victoza 6mg/ml solution for injection 3ml pre-filled pens,9,24
2022-09,0601023ABBCAAAA,Saxenda 6mg/ml solution for injection 3ml pre-filled pens,Liraglutide,0601023ABBCAAAA,Saxenda 6mg/ml solution for injection 3ml pre-filled pens,1,2
2022-09,0601023AWAAAAAA,Semaglutide 0.25mg/0.19ml inj 1.5ml pf dispos dev,Semaglutide,0601023AWBBAAAA,Ozempic 0.25mg/0.19ml inj 1.5ml pre-filled pens,4,4
2022-09,0601023AWAAABAB,Semaglutide 0.5mg/0.37ml inj 1.5ml pf dispos dev,Semaglutide,0601023AWBBABAB,Ozempic 0.5mg/0.37ml inj 1.5ml pre-filled pens,11,15
2022-09,0601023AWAAACAC,Semaglutide 1mg/0.74ml inj 3ml pre-filled disposable device,Semaglutide,0601023AWBBACAC,Ozempic 1mg/0.74ml inj 3ml pre-filled pens,11,16
2022-09,0601023AWBBAAAA,Ozempic 0.25mg/0.19ml inj 1.5ml pre-filled pens,Semaglutide,0601023AWBBAAAA,Ozempic 0.25mg/0.19ml inj 1.5ml pre-filled pens,7,7
2022-09,0601023AWBBABAB,Ozempic 0.5mg/0.37ml inj 1.5ml pre-filled pens,Semaglutide,0601023AWBBABAB,Ozempic 0.5mg/0.37ml inj 1.5ml pre-filled pens,24,28
2022-09,0601023AWBBACAC,Ozempic 1mg/0.74ml inj 3ml pre-filled pens,Semaglutide,0601023AWBBACAC,Ozempic 1mg/0.74ml inj 3ml pre-filled pens,35,36
2022-10,0601023ABAAAAAA,Liraglutide 6mg/1ml inj 3ml pre-filled disposable devices,Liraglutide,0601023ABBBAAAA,Victoza 6mg/ml solution for injection 3ml pre-filled pens,9,27
2022-10,0601023ABBBAAAA,Victoza 6mg/ml solution for injection 3ml pre-filled pens,Liraglutide,0601023ABBBAAAA,Victoza 6mg/ml solution for injection 3ml pre-filled pens,16,41
2022-10,0601023ABBCAAAA,Saxenda 6mg/ml solution for injection 3ml pre-filled pens,Liraglutide,0601023ABBCAAAA,Saxenda 6mg/ml solution for injection 3ml pre-filled pens,1,3
2022-10,0601023AWAAABAB,Semaglutide 0.5mg/0.37ml inj 1.5ml pf dispos dev,Semaglutide,0601023AWBBABAB,Ozempic 0.5mg/0.37ml inj 1.5ml pre-filled pens,9,10
2022-10,0601023AWAAACAC,Semaglutide 1mg/0.74ml inj 3ml pre-filled disposable device,Semaglutide,0601023AWBBACAC,Ozempic 1mg/0.74ml inj 3ml pre-filled pens,15,17
2022-10,0601023AWBBAAAA,Ozempic 0.25mg/0.19ml inj 1.5ml pre-filled pens,Semaglutide,0601023AWBBAAAA,Ozempic 0.25mg/0.19ml inj 1.5ml pre-filled pens,4,5
2022-10,0601023AWBBABAB,Ozempic 0.5mg/0.37ml inj 1.5ml pre-filled pens,Semaglutide,0601023AWBBABAB,Ozempic 0.5mg/0.37ml inj 1.5ml pre-filled pens,30,39
2022-10,0601023AWBBACAC,Ozempic 1mg/0.74ml inj 3ml pre-filled pens,Semaglutide,0601023AWBBACAC,Ozempic 1mg/0.74ml inj 3ml pre-filled pens,45,52
2022-11,0601023ABAAAAAA,Liraglutide 6mg/1ml inj 3ml pre-filled disposable devices,Liraglutide,0601023ABBBAAAA,Victoza 6mg/ml solution for injection 3ml pre-filled pens,13,39
2022-11,0601023ABBBAAAA,Victoza 6mg/ml solution for injection 3ml pre-filled pens,Liraglutide,0601023ABBBAAAA,Victoza 6mg/ml solution for injection 3ml pre-filled pens,15,36
2022-11,0601023ABBCAAAA,Saxenda 6mg/ml solution for injection 3ml pre-filled pens,Liraglutide,0601023ABBCAAAA,Saxenda 6mg/ml solution for injection 3ml pre-filled pens,2,8
2022-11,0601023AWAAAAAA,Semaglutide 0.25mg/0.19ml inj 1.5ml pf dispos dev,Semaglutide,0601023AWBBAAAA,Ozempic 0.25mg/0.19ml inj 1.5ml pre-filled pens,2,2
2022-11,0601023AWAAABAB,Semaglutide 0.5mg/0.37ml inj 1.5ml pf dispos dev,Semaglutide,0601023AWBBABAB,Ozempic 0.5mg/0.37ml inj 1.5ml pre-filled pens,12,16
2022-11,0601023AWAAACAC,Semaglutide 1mg/0.74ml inj 3ml pre-filled disposable device,Semaglutide,0601023AWBBACAC,Ozempic 1mg/0.74ml inj 3ml pre-filled pens,18,24
2022-11,0601023AWBBAAAA,Ozempic 0.25mg/0.19ml inj 1.5ml pre-filled pens,Semaglutide,0601023AWBBAAAA,Ozempic 0.25mg/0.19ml inj 1.5ml pre-filled pens,3,3
2022-11,0601023AWBBABAB,Ozempic 0.5mg/0.37ml inj 1.5ml pre-filled pens,Semaglutide,0601023AWBBABAB,Ozempic 0.5mg/0.37ml inj 1.5ml pre-filled pens,38,47
2022-11,0601023AWBBACAC,Ozempic 1mg/0.74ml inj 3ml pre-filled pens,Semaglutide,0601023AWBBACAC,Ozempic 1mg/0.74ml inj 3ml pre-filled pens,35,40
2022-12,0601023ABAAAAAA,Liraglutide 6mg/1ml inj 3ml pre-filled disposable devices,Liraglutide,0601023ABBBAAAA,Victoza 6mg/ml solution for injection 3ml pre-filled pens,14,44
2022-12,0601023ABBBAAAA,Victoza 6mg/ml solution for injection 3ml pre-filled pens,Liraglutide,0601023ABBBAAAA,Victoza 6mg/ml solution for injection 3ml pre-filled pens,19,44
2022-12,0601023ABBCAAAA,Saxenda 6mg/ml solution for injection 3ml pre-filled pens,Liraglutide,0601023ABBCAAAA,Saxenda 6mg/ml solution for injection 3ml pre-filled pens,1,5
2022-12,0601023AWAAAAAA,Semaglutide 0.25mg/0.19ml inj 1.5ml pf dispos dev,Semaglutide,0601023AWBBAAAA,Ozempic 0.25mg/0.19ml inj 1.5ml pre-filled pens,1,1
2022-12,0601023AWAAABAB,Semaglutide 0.5mg/0.37ml inj 1.5ml pf dispos dev,Semaglutide,0601023AWBBABAB,Ozempic 0.5mg/0.37ml inj 1.5ml pre-filled pens,12,17
2022-12,0601023AWAAACAC,Semaglutide 1mg/0.74ml inj 3ml pre-filled disposable device,Semaglutide,0601023AWBBACAC,Ozempic 1mg/0.74ml inj 3ml pre-filled pens,15,19
2022-12,0601023AWBBAAAA,Ozempic 0.25mg/0.19ml inj 1.5ml pre-filled pens,Semaglutide,0601023AWBBAAAA,Ozempic 0.25mg/0.19ml inj 1.5ml pre-filled pens,4,4
2022-12,0601023AWBBABAB,Ozempic 0.5mg/0.37ml inj 1.5ml pre-filled pens,Semaglutide,0601023AWBBABAB,Ozempic 0.5mg/0.37ml inj 1.5ml pre-filled pens,28,34
2022-12,0601023AWBBACAC,Ozempic 1mg/0.74ml inj 3ml pre-filled pens,Semaglutide,0601023AWBBACAC,Ozempic 1mg/0.74ml inj 3ml pre-filled pens,40,43
2023-01,0601023ABAAAAAA,Liraglutide 6mg/1ml inj 3ml pre-filled disposable devices,Liraglutide,0601023ABBBAAAA,Victoza 6mg/ml solution for injection 3ml pre-filled pens,13,36
2023-01,0601023ABBBAAAA,Victoza 6mg/ml solution for injection 3ml pre-filled pens,Liraglutide,0601023ABBBAAAA,Victoza 6mg/ml solution for injection 3ml pre-filled pens,14,35
2023-01,0601023ABBCAAAA,Saxenda 6mg/ml solution for injection 3ml pre-filled pens,Liraglutide,0601023ABBCAAAA,Saxenda 6mg/ml solution for injection 3ml pre-filled pens,1,5
2023-01,0601023AWAAAAAA,Semaglutide 0.25mg/0.19ml inj 1.5ml pf dispos dev,Semaglutide,0601023AWBBAAAA,Ozempic 0.25mg/0.19ml inj 1.5ml pre-filled pens,3,6
2023-01,0601023AWAAABAB,Semaglutide 0.5mg/0.37ml inj 1.5ml pf dispos dev,Semaglutide,0601023AWBBABAB,Ozempic 0.5mg/0.37ml inj 1.5ml pre-filled pens,8,9
2023-01,0601023AWAAACAC,Semaglutide 1mg/0.74ml inj 3ml pre-filled disposable device,Semaglutide,0601023AWBBACAC,Ozempic 1mg/0.74ml inj 3ml pre-filled pens,20,32
2023-01,0601023AWBBAAAA,Ozempic 0.25mg/0.19ml inj 1.5ml pre-filled pens,Semaglutide,0601023AWBBAAAA,Ozempic 0.25mg/0.19ml inj 1.5ml pre-filled pens,6,9
2023-01,0601023AWBBABAB,Ozempic 0.5mg/0.37ml inj 1.5ml pre-filled pens,Semaglutide,0601023AWBBABAB,Ozempic 0.5mg/0.37ml inj 1.5ml pre-filled pens,33,38
2023-01,0601023AWBBACAC,Ozempic 1mg/0.74ml inj 3ml pre-filled pens,Semaglutide,0601023AWBBACAC,Ozempic 1mg/0.74ml inj 3ml pre-filled pens,43,52
2023-02,0601023ABAAAAAA,Liraglutide 6mg/1ml inj 3ml pre-filled disposable devices,Liraglutide,0601023ABBBAAAA,Victoza 6mg/ml solution for injection 3ml pre-filled pens,17,56
2023-02,0601023ABBBAAAA,Victoza 6mg/ml solution for injection 3ml pre-filled pens,Liraglutide,0601023ABBBAAAA,Victoza 6mg/ml solution for injection 3ml pre-filled pens,14,38
2023-02,0601023AWAAAAAA,Semaglutide 0.25mg/0.19ml inj 1.5ml pf dispos dev,Semaglutide,0601023AWBBAAAA,Ozempic 0.25mg/0.19ml inj 1.5ml pre-filled pens,3,3
2023-02,0601023AWAAABAB,Semaglutide 0.5mg/0.37ml inj 1.5ml pf dispos dev,Semaglutide,0601023AWBBABAB,Ozempic 0.5mg/0.37ml inj 1.5ml pre-filled pens,10,21
2023-02,0601023AWAAACAC,Semaglutide 1mg/0.74ml inj 3ml pre-filled disposable device,Semaglutide,0601023AWBBACAC,Ozempic 1mg/0.74ml inj 3ml pre-filled pens,15,21
2023-02,0601023AWBBAAAA,Ozempic 0.25mg/0.19ml inj 1.5ml pre-filled pens,Semaglutide,0601023AWBBAAAA,Ozempic 0.25mg/0.19ml inj 1.5ml pre-filled pens,5,5
2023-02,0601023AWBBABAB,Ozempic 0.5mg/0.37ml inj 1.5ml pre-filled pens,Semaglutide,0601023AWBBABAB,Ozempic 0.5mg/0.37ml inj 1.5ml pre-filled pens,32,38
2023-02,0601023AWBBACAC,Ozempic 1mg/0.74ml inj 3ml pre-filled pens,Semaglutide,0601023AWBBACAC,Ozempic 1mg/0.74ml inj 3ml pre-filled pens,34,45
2023-03,0601023ABAAAAAA,Liraglutide 6mg/1ml inj 3ml pre-filled disposable devices,Liraglutide,0601023ABBBAAAA,Victoza 6mg/ml solution for injection 3ml pre-filled pens,18,61
2023-03,0601023ABBBAAAA,Victoza 6mg/ml solution for injection 3ml pre-filled pens,Liraglutide,0601023ABBBAAAA,Victoza 6mg/ml solution for injection 3ml pre-filled pens,14,34
2023-03,0601023AWAAAAAA,Semaglutide 0.25mg/0.19ml inj 1.5ml pf dispos dev,Semaglutide,0601023AWBBAAAA,Ozempic 0.25mg/0.19ml inj 1.5ml pre-filled pens,4,5
2023-03,0601023AWAAABAB,Semaglutide 0.5mg/0.37ml inj 1.5ml pf dispos dev,Semaglutide,0601023AWBBABAB,Ozempic 0.5mg/0.37ml inj 1.5ml pre-filled pens,14,18
2023-03,0601023AWAAACAC,Semaglutide 1mg/0.74ml inj 3ml pre-filled disposable device,Semaglutide,0601023AWBBACAC,Ozempic 1mg/0.74ml inj 3ml pre-filled pens,21,36
2023-03,0601023AWBBAAAA,Ozempic 0.25mg/0.19ml inj 1.5ml pre-filled pens,Semaglutide,0601023AWBBAAAA,Ozempic 0.25mg/0.19ml inj 1.5ml pre-filled pens,4,7
2023-03,0601023AWBBABAB,Ozempic 0.5mg/0.37ml inj 1.5ml pre-filled pens,Semaglutide,0601023AWBBABAB,Ozempic 0.5mg/0.37ml inj 1.5ml pre-filled pens,29,34
2023-03,0601023AWBBACAC,Ozempic 1mg/0.74ml inj 3ml pre-filled pens,Semaglutide,0601023AWBBACAC,Ozempic 1mg/0.74ml inj 3ml pre-filled pens,58,70
2023-04,0601023ABAAAAAA,Liraglutide 6mg/1ml inj 3ml pre-filled disposable devices,Liraglutide,0601023ABBBAAAA,Victoza 6mg/ml solution for injection 3ml pre-filled pens,18,59
2023-04,0601023ABBBAAAA,Victoza 6mg/ml solution for injection 3ml pre-filled pens,Liraglutide,0601023ABBBAAAA,Victoza 6mg/ml solution for injection 3ml pre-filled pens,12,30
2023-04,0601023ABBCAAAA,Saxenda 6mg/ml solution for injection 3ml pre-filled pens,Liraglutide,0601023ABBCAAAA,Saxenda 6mg/ml solution for injection 3ml pre-filled pens,1,3
2023-04,0601023AWAAAAAA,Semaglutide 0.25mg/0.19ml inj 1.5ml pf dispos dev,Semaglutide,0601023AWBBAAAA,Ozempic 0.25mg/0.19ml inj 1.5ml pre-filled pens,2,2
2023-04,0601023AWAAABAB,Semaglutide 0.5mg/0.37ml inj 1.5ml pf dispos dev,Semaglutide,0601023AWBBABAB,Ozempic 0.5mg/0.37ml inj 1.5ml pre-filled pens,10,11
2023-04,0601023AWAAACAC,Semaglutide 1mg/0.74ml inj 3ml pre-filled disposable device,Semaglutide,0601023AWBBACAC,Ozempic 1mg/0.74ml inj 3ml pre-filled pens,16,26
2023-04,0601023AWBBAAAA,Ozempic 0.25mg/0.19ml inj 1.5ml pre-filled pens,Semaglutide,0601023AWBBAAAA,Ozempic 0.25mg/0.19ml inj 1.5ml pre-filled pens,7,11
2023-04,0601023AWBBABAB,Ozempic 0.5mg/0.37ml inj 1.5ml pre-filled pens,Semaglutide,0601023AWBBABAB,Ozempic 0.5mg/0.37ml inj 1.5ml pre-filled pens,26,36
2023-04,0601023AWBBACAC,Ozempic 1mg/0.74ml inj 3ml pre-filled pens,Semaglutide,0601023AWBBACAC,Ozempic 1mg/0.74ml inj 3ml pre-filled pens,52,58
2023-05,0601023ABAAAAAA,Liraglutide 6mg/1ml inj 3ml pre-filled disposable devices,Liraglutide,0601023ABBBAAAA,Victoza 6mg/ml solution for injection 3ml pre-filled pens,19,49
2023-05,0601023ABBBAAAA,Victoza 6mg/ml solution for injection 3ml pre-filled pens,Liraglutide,0601023ABBBAAAA,Victoza 6mg/ml solution for injection 3ml pre-filled pens,14,32
2023-05,0601023ABBCAAAA,Saxenda 6mg/ml solution for injection 3ml pre-filled pens,Liraglutide,0601023ABBCAAAA,Saxenda 6mg/ml solution for injection 3ml pre-filled pens,3,9
2023-05,0601023AWAAAAAA,Semaglutide 0.25mg/0.19ml inj 1.5ml pf dispos dev,Semaglutide,0601023AWBBAAAA,Ozempic 0.25mg/0.19ml inj 1.5ml pre-filled pens,4,5
2023-05,0601023AWAAABAB,Semaglutide 0.5mg/0.37ml inj 1.5ml pf dispos dev,Semaglutide,0601023AWBBABAB,Ozempic 0.5mg/0.37ml inj 1.5ml pre-filled pens,16,32
2023-05,0601023AWAAACAC,Semaglutide 1mg/0.74ml inj 3ml pre-filled disposable device,Semaglutide,0601023AWBBACAC,Ozempic 1mg/0.74ml inj 3ml pre-filled pens,22,33
2023-05,0601023AWBBAAAA,Ozempic 0.25mg/0.19ml inj 1.5ml pre-filled pens,Semaglutide,0601023AWBBAAAA,Ozempic 0.25mg/0.19ml inj 1.5ml pre-filled pens,9,18
2023-05,0601023AWBBABAB,Ozempic 0.5mg/0.37ml inj 1.5ml pre-filled pens,Semaglutide,0601023AWBBABAB,Ozempic 0.5mg/0.37ml inj 1.5ml pre-filled pens,31,37
2023-05,0601023AWBBACAC,Ozempic 1mg/0.74ml inj 3ml pre-filled pens,Semaglutide,0601023AWBBACAC,Ozempic 1mg/0.74ml inj 3ml pre-filled pens,57,71
2023-06,0601023ABAAAAAA,Liraglutide 6mg/1ml inj 3ml pre-filled disposable devices,Liraglutide,0601023ABBBAAAA,Victoza 6mg/ml solution for injection 3ml pre-filled pens,15,54
2023-06,0601023ABBBAAAA,Victoza 6mg/ml solution for injection 3ml pre-filled pens,Liraglutide,0601023ABBBAAAA,Victoza 6mg/ml solution for injection 3ml pre-filled pens,15,36
2023-06,0601023ABBCAAAA,Saxenda 6mg/ml solution for injection 3ml pre-filled pens,Liraglutide,0601023ABBCAAAA,Saxenda 6mg/ml solution for injection 3ml pre-filled pens,1,3
2023-06,0601023AWAAAAAA,Semaglutide 0.25mg/0.19ml inj 1.5ml pf dispos dev,Semaglutide,0601023AWBBAAAA,Ozempic 0.25mg/0.19ml inj 1.5ml pre-filled pens,3,4
2023-06,0601023AWAAABAB,Semaglutide 0.5mg/0.37ml inj 1.5ml pf dispos dev,Semaglutide,0601023AWBBABAB,Ozempic 0.5mg/0.37ml inj 1.5ml pre-filled pens,9,10
2023-06,0601023AWAAACAC,Semaglutide 1mg/0.74ml inj 3ml pre-filled disposable device,Semaglutide,0601023AWBBACAC,Ozempic 1mg/0.74ml inj 3ml pre-filled pens,22,36
2023-06,0601023AWBBAAAA,Ozempic 0.25mg/0.19ml inj 1.5ml pre-filled pens,Semaglutide,0601023AWBBAAAA,Ozempic 0.25mg/0.19ml inj 1.5ml pre-filled pens,5,8
2023-06,0601023AWBBABAB,Ozempic 0.5mg/0.37ml inj 1.5ml pre-filled pens,Semaglutide,0601023AWBBABAB,Ozempic 0.5mg/0.37ml inj 1.5ml pre-filled pens,28,35
2023-06,0601023AWBBACAC,Ozempic 1mg/0.74ml inj 3ml pre-filled pens,Semaglutide,0601023AWBBACAC,Ozempic 1mg/0.74ml inj 3ml pre-filled pens,65,83
2023-07,0601023ABAAAAAA,Liraglutide 6mg/1ml inj 3ml pre-filled disposable devices,Liraglutide,0601023ABBBAAAA,Victoza 6mg/ml solution for injection 3ml pre-filled pens,16,42
2023-07,0601023ABBBAAAA,Victoza 6mg/ml solution for injection 3ml pre-filled pens,Liraglutide,0601023ABBBAAAA,Victoza 6mg/ml solution for injection 3ml pre-filled pens,15,38
2023-07,0601023ABBCAAAA,Saxenda 6mg/ml solution for injection 3ml pre-filled pens,Liraglutide,0601023ABBCAAAA,Saxenda 6mg/ml solution for injection 3ml pre-filled pens,1,3
2023-07,0601023AWAAAAAA,Semaglutide 0.25mg/0.19ml inj 1.5ml pf dispos dev,Semaglutide,0601023AWBBAAAA,Ozempic 0.25mg/0.19ml inj 1.5ml pre-filled pens,1,1
2023-07,0601023AWAAABAB,Semaglutide 0.5mg/0.37ml inj 1.5ml pf dispos dev,Semaglutide,0601023AWBBABAB,Ozempic 0.5mg/0.37ml inj 1.5ml pre-filled pens,11,12
2023-07,0601023AWAAACAC,Semaglutide 1mg/0.74ml inj 3ml pre-filled disposable device,Semaglutide,0601023AWBBACAC,Ozempic 1mg/0.74ml inj 3ml pre-filled pens,23,30
2023-07,0601023AWBBAAAA,Ozempic 0.25mg/0.19ml inj 1.5ml pre-filled pens,Semaglutide,0601023AWBBAAAA,Ozempic 0.25mg/0.19ml inj 1.5ml pre-filled pens,7,13
2023-07,0601023AWBBABAB,Ozempic 0.5mg/0.37ml inj 1.5ml pre-filled pens,Semaglutide,0601023AWBBABAB,Ozempic 0.5mg/0.37ml inj 1.5ml pre-filled pens,28,34
2023-07,0601023AWBBACAC,Ozempic 1mg/0.74ml inj 3ml pre-filled pens,Semaglutide,0601023AWBBACAC,Ozempic 1mg/0.74ml inj 3ml pre-filled pens,60,71
2023-08,0601023ABAAAAAA,Liraglutide 6mg/1ml inj 3ml pre-filled disposable devices,Liraglutide,0601023ABBBAAAA,Victoza 6mg/ml solution for injection 3ml pre-filled pens,26,83
2023-08,0601023ABBBAAAA,Victoza 6mg/ml solution for injection 3ml pre-filled pens,Liraglutide,0601023ABBBAAAA,Victoza 6mg/ml solution for injection 3ml pre-filled pens,26,64
2023-08,0601023ABBCAAAA,Saxenda 6mg/ml solution for injection 3ml pre-filled pens,Liraglutide,0601023ABBCAAAA,Saxenda 6mg/ml solution for injection 3ml pre-filled pens,1,3
2023-08,0601023AWAAAAAA,Semaglutide 0.25mg/0.19ml inj 1.5ml pf dispos dev,Semaglutide,0601023AWBBAAAA,Ozempic 0.25mg/0.19ml inj 1.5ml pre-filled pens,4,5
2023-08,0601023AWAAABAB,Semaglutide 0.5mg/0.37ml inj 1.5ml pf dispos dev,Semaglutide,0601023AWBBABAB,Ozempic 0.5mg/0.37ml inj 1.5ml pre-filled pens,15,22
2023-08,0601023AWAAACAC,Semaglutide 1mg/0.74ml inj 3ml pre-filled disposable device,Semaglutide,0601023AWBBACAC,Ozempic 1mg/0.74ml inj 3ml pre-filled pens,27,40
2023-08,0601023AWBBAAAA,Ozempic 0.25mg/0.19ml inj 1.5ml pre-filled pens,Semaglutide,0601023AWBBAAAA,Ozempic 0.25mg/0.19ml inj 1.5ml pre-filled pens,7,15
2023-08,0601023AWBBABAB,Ozempic 0.5mg/0.37ml inj 1.5ml pre-filled pens,Semaglutide,0601023AWBBABAB,Ozempic 0.5mg/0.37ml inj 1.5ml pre-filled pens,35,50
2023-08,0601023AWBBACAC,Ozempic 1mg/0.74ml inj 3ml pre-filled pens,Semaglutide,0601023AWBBACAC,Ozempic 1mg/0.74ml inj 3ml pre-filled pens,65,93
